monster_external_id,source_code
19821,player_s_handbook_2024
19821,monster_manual_2024
19821,monster_manual_2014
19838,player_s_handbook_2024
19838,monster_manual_2024
19838,monster_manual_2014
19839,player_s_handbook_2024
19839,monster_manual_2024
19839,player_s_handbook_2014
19840,player_s_handbook_2024
19840,monster_manual_2024
19840,player_s_handbook_2014
19841,player_s_handbook_2024
19841,monster_manual_2024
19841,player_s_handbook_2014
19977,player_s_handbook_2024
19977,monster_manual_2024
19977,player_s_handbook_2014
19978,player_s_handbook_2024
19978,monster_manual_2024
19978,monster_manual_2014
19979,player_s_handbook_2024
19979,monster_manual_2024
19979,player_s_handbook_2014
19980,player_s_handbook_2024
19980,monster_manual_2024
19980,player_s_handbook_2014
19982,player_s_handbook_2024
19982,monster_manual_2024
19982,player_s_handbook_2014
19983,player_s_handbook_2024
19983,monster_manual_2024
19983,player_s_handbook_2014
19984,player_s_handbook_2024
19984,monster_manual_2024
19984,monster_manual_2014
19985,player_s_handbook_2024
19985,monster_manual_2024
19985,monster_manual_2014
19986,player_s_handbook_2024
19986,monster_manual_2024
19986,monster_manual_2014
19987,player_s_handbook_2024
19987,monster_manual_2024
19987,player_s_handbook_2014
19988,player_s_handbook_2024
19988,monster_manual_2024
19988,monster_manual_2014
21152,monster_manual_2024
21153,monster_manual_2024
21153,monster_manual_2014
21154,monster_manual_2024
21155,monster_manual_2024
21155,monster_manual_2014
21156,monster_manual_2024
21156,monster_manual_2014
21157,monster_manual_2024
21157,monster_manual_2014
21158,monster_manual_2024
21158,monster_manual_2014
21159,monster_manual_2024
21159,monster_manual_2014
21160,monster_manual_2024
21160,monster_manual_2014
21161,monster_manual_2024
21161,monster_manual_2014
21162,monster_manual_2024
21162,monster_manual_2014
21163,monster_manual_2024
21163,monster_manual_2014
21164,monster_manual_2024
21164,monster_manual_2014
21165,monster_manual_2024
21165,monster_manual_2014
21166,monster_manual_2024
21166,monster_manual_2014
21167,monster_manual_2024
21167,monster_manual_2014
21168,monster_manual_2024
21168,monster_manual_2014
21169,monster_manual_2024
21169,monster_manual_2014
21170,monster_manual_2024
21170,monster_manual_2014
21171,monster_manual_2024
21171,monster_manual_2014
21172,monster_manual_2024
21172,monster_manual_2014
21173,monster_manual_2024
21173,monster_manual_2014
21174,monster_manual_2024
21174,monster_manual_2014
21175,monster_manual_2024
21175,monster_manual_2014
21176,monster_manual_2024
21176,monster_manual_2014
21177,monster_manual_2024
21177,monster_manual_2014
21178,monster_manual_2024
21178,monster_manual_2014
21179,monster_manual_2024
21180,monster_manual_2024
21180,monster_manual_2014
21181,monster_manual_2024
21181,candlekeep_mysteries
21182,monster_manual_2024
21182,monster_manual_2014
21183,monster_manual_2024
21183,monster_manual_2014
21184,monster_manual_2024
21184,monster_manual_2014
21185,monster_manual_2024
21185,monster_manual_2014
21187,monster_manual_2024
21187,monster_manual_2014
21188,monster_manual_2024
21189,monster_manual_2024
21189,adventurers_league
21190,monster_manual_2024
21190,monster_manual_2014
21191,monster_manual_2024
21192,monster_manual_2024
21192,monster_manual_2014
21193,monster_manual_2024
21193,monster_manual_2014
21194,monster_manual_2024
21194,monster_manual_2014
21195,monster_manual_2024
21195,monster_manual_2014
21196,monster_manual_2024
21197,monster_manual_2024
21197,monster_manual_2014
21198,monster_manual_2024
21198,monster_manual_2014
21200,monster_manual_2024
21200,monster_manual_2014
21201,monster_manual_2024
21201,monster_manual_2014
21202,monster_manual_2024
21203,monster_manual_2024
21203,monster_manual_2014
21204,monster_manual_2024
21204,monster_manual_2014
21205,monster_manual_2024
21205,monster_manual_2014
21206,monster_manual_2024
21206,monster_manual_2014
21207,monster_manual_2024
21207,monster_manual_2014
21208,monster_manual_2024
21208,monster_manual_2014
21210,monster_manual_2024
21210,monster_manual_2014
21211,monster_manual_2024
21211,monster_manual_2014
21212,monster_manual_2024
21212,monster_manual_2014
21213,monster_manual_2024
21213,monster_manual_2014
21214,monster_manual_2024
21215,monster_manual_2024
21215,monster_manual_2014
21217,monster_manual_2024
21217,monster_manual_2014
21218,monster_manual_2024
21218,monster_manual_2014
21219,monster_manual_2024
21219,monster_manual_2014
21220,monster_manual_2024
21221,monster_manual_2024
21221,monster_manual_2014
21222,monster_manual_2024
21222,monster_manual_2014
21223,monster_manual_2024
21223,monster_manual_2014
21225,monster_manual_2024
21225,monster_manual_2014
21226,monster_manual_2024
21226,monster_manual_2014
21227,monster_manual_2024
21227,monster_manual_2014
21228,monster_manual_2024
21229,monster_manual_2024
21229,monster_manual_2014
21231,monster_manual_2024
21232,monster_manual_2024
21232,monster_manual_2014
21233,monster_manual_2024
21234,monster_manual_2024
21234,monster_manual_2014
21235,monster_manual_2024
21236,monster_manual_2024
21236,monster_manual_2014
21237,monster_manual_2024
21237,monster_manual_2014
21239,monster_manual_2024
21239,monster_manual_2014
21241,monster_manual_2024
21241,monster_manual_2014
21242,monster_manual_2024
21243,monster_manual_2024
21243,monster_manual_2014
21244,monster_manual_2024
21244,monster_manual_2014
21245,monster_manual_2024
21245,monster_manual_2014
21246,monster_manual_2024
21246,monster_manual_2014
21247,monster_manual_2024
21247,monster_manual_2014
21248,monster_manual_2024
21248,monster_manual_2014
21249,monster_manual_2024
21249,monster_manual_2014
21250,monster_manual_2024
21251,monster_manual_2024
21251,monster_manual_2014
21252,monster_manual_2024
21253,monster_manual_2024
21253,monster_manual_2014
21255,monster_manual_2024
21255,monster_manual_2014
21256,monster_manual_2024
21256,monster_manual_2014
21257,player_s_handbook_2024
21257,monster_manual_2024
21257,monster_manual_2014
21258,monster_manual_2024
21258,monster_manual_2014
21260,monster_manual_2024
21260,monster_manual_2014
21261,monster_manual_2024
21262,monster_manual_2024
21262,monster_manual_2014
21263,monster_manual_2024
21264,monster_manual_2024
21264,monster_manual_2014
21265,monster_manual_2024
21265,monster_manual_2014
21266,monster_manual_2024
21266,monster_manual_2014
21267,monster_manual_2024
21268,monster_manual_2024
21268,monster_manual_2014
21269,monster_manual_2024
21270,monster_manual_2024
21270,monster_manual_2014
21271,monster_manual_2024
21271,monster_manual_2014
21272,monster_manual_2024
21272,monster_manual_2014
21273,monster_manual_2024
21273,monster_manual_2014
21274,monster_manual_2024
21274,monster_manual_2014
21275,monster_manual_2024
21275,monster_manual_2014
21277,monster_manual_2024
21278,monster_manual_2024
21278,monster_manual_2014
21279,monster_manual_2024
21279,monster_manual_2014
21280,monster_manual_2024
21280,monster_manual_2014
21281,monster_manual_2024
21281,monster_manual_2014
21283,monster_manual_2024
21283,monster_manual_2014
21284,monster_manual_2024
21284,monster_manual_2014
21285,monster_manual_2024
21285,monster_manual_2014
21286,monster_manual_2024
21286,monster_manual_2014
21287,monster_manual_2024
21287,monster_manual_2014
21288,monster_manual_2024
21288,monster_manual_2014
21289,monster_manual_2024
21289,monster_manual_2014
21290,monster_manual_2024
21290,monster_manual_2014
21291,monster_manual_2024
21291,monster_manual_2014
21292,monster_manual_2024
21293,monster_manual_2024
21296,monster_manual_2024
21297,monster_manual_2024
21297,monster_manual_2014
21298,monster_manual_2024
21298,monster_manual_2014
21299,monster_manual_2024
21299,monster_manual_2014
21300,monster_manual_2024
21300,monster_manual_2014
21301,monster_manual_2024
21302,monster_manual_2024
21303,monster_manual_2024
21303,monster_manual_2014
21304,monster_manual_2024
21304,monster_manual_2014
21305,monster_manual_2024
21305,monster_manual_2014
21306,monster_manual_2024
21306,monster_manual_2014
21307,monster_manual_2024
21308,monster_manual_2024
21308,monster_manual_2014
21309,monster_manual_2024
21309,monster_manual_2014
21310,monster_manual_2024
21310,monster_manual_2014
21311,monster_manual_2024
21311,monster_manual_2014
21313,monster_manual_2024
21313,monster_manual_2014
21314,monster_manual_2024
21314,monster_manual_2014
21315,monster_manual_2024
21315,monster_manual_2014
21316,monster_manual_2024
21316,monster_manual_2014
21317,monster_manual_2024
21317,monster_manual_2014
21318,monster_manual_2024
21319,monster_manual_2024
21319,monster_manual_2014
21320,monster_manual_2024
21320,monster_manual_2014
21321,monster_manual_2024
21321,monster_manual_2014
21322,monster_manual_2024
21322,monster_manual_2014
21323,monster_manual_2024
21325,monster_manual_2024
21325,monster_manual_2014
21326,monster_manual_2024
21326,monster_manual_2014
21327,monster_manual_2024
21327,monster_manual_2014
21328,monster_manual_2024
21328,monster_manual_2014
21329,monster_manual_2024
21329,monster_manual_2014
21330,monster_manual_2024
21330,monster_manual_2014
21331,monster_manual_2024
21331,player_s_handbook_2014
21332,monster_manual_2024
21332,monster_manual_2014
21333,monster_manual_2024
21333,monster_manual_2014
21334,monster_manual_2024
21334,monster_manual_2014
21335,player_s_handbook_2024
21335,monster_manual_2024
21335,monster_manual_2014
21336,monster_manual_2024
21336,monster_manual_2014
21337,monster_manual_2024
21337,monster_manual_2014
21338,monster_manual_2024
21338,monster_manual_2014
21339,monster_manual_2024
21339,monster_manual_2014
21340,monster_manual_2024
21340,monster_manual_2014
21341,monster_manual_2024
21341,monster_manual_2014
21342,player_s_handbook_2024
21342,monster_manual_2024
21343,monster_manual_2024
21343,monster_manual_2014
21344,player_s_handbook_2024
21344,monster_manual_2024
21344,player_s_handbook_2014
21345,monster_manual_2024
21346,monster_manual_2024
21346,monster_manual_2014
21347,monster_manual_2024
21347,monster_manual_2014
21348,monster_manual_2024
21348,monster_manual_2014
21349,monster_manual_2024
21349,monster_manual_2014
21350,monster_manual_2024
21350,monster_manual_2014
21351,monster_manual_2024
21351,monster_manual_2014
21352,monster_manual_2024
21352,monster_manual_2014
21353,monster_manual_2024
21354,monster_manual_2024
21354,monster_manual_2014
21355,monster_manual_2024
21355,monster_manual_2014
21356,monster_manual_2024
21356,monster_manual_2014
21357,monster_manual_2024
21358,monster_manual_2024
21358,monster_manual_2014
21359,monster_manual_2024
21359,monster_manual_2014
21360,monster_manual_2024
21360,monster_manual_2014
21361,monster_manual_2024
21362,monster_manual_2024
21362,monster_manual_2014
21363,monster_manual_2024
21363,monster_manual_2014
21364,monster_manual_2024
21364,monster_manual_2014
21365,monster_manual_2024
21365,monster_manual_2014
21366,monster_manual_2024
21366,monster_manual_2014
21367,monster_manual_2024
21368,monster_manual_2024
21369,monster_manual_2024
21369,monster_manual_2014
21370,monster_manual_2024
21370,monster_manual_2014
21371,monster_manual_2024
21371,monster_manual_2014
21372,monster_manual_2024
21372,monster_manual_2014
21373,monster_manual_2024
21374,monster_manual_2024
21374,monster_manual_2014
21375,monster_manual_2024
21375,monster_manual_2014
21376,monster_manual_2024
21376,monster_manual_2014
21377,monster_manual_2024
21377,monster_manual_2014
21378,monster_manual_2024
21378,monster_manual_2014
21379,monster_manual_2024
21379,monster_manual_2014
21380,monster_manual_2024
21380,monster_manual_2014
21381,monster_manual_2024
21381,monster_manual_2014
21382,monster_manual_2024
21382,monster_manual_2014
21383,monster_manual_2024
21383,monster_manual_2014
21384,monster_manual_2024
21385,monster_manual_2024
21385,monster_manual_2014
21386,monster_manual_2024
21386,monster_manual_2014
21387,monster_manual_2024
21388,monster_manual_2024
21389,monster_manual_2024
21389,monster_manual_2014
21390,monster_manual_2024
21391,monster_manual_2024
21391,player_s_handbook_2014
21392,monster_manual_2024
21392,monster_manual_2014
21393,monster_manual_2024
21393,monster_manual_2014
21394,monster_manual_2024
21394,monster_manual_2014
21395,monster_manual_2024
21395,monster_manual_2014
21396,monster_manual_2024
21396,monster_manual_2014
21397,monster_manual_2024
21398,monster_manual_2024
21398,monster_manual_2014
21399,monster_manual_2024
21399,monster_manual_2014
21400,monster_manual_2024
21400,monster_manual_2014
21401,monster_manual_2024
21401,monster_manual_2014
21402,monster_manual_2024
21402,monster_manual_2014
21403,monster_manual_2024
21403,monster_manual_2014
21404,monster_manual_2024
21404,monster_manual_2014
21405,monster_manual_2024
21405,monster_manual_2014
21406,monster_manual_2024
21406,monster_manual_2014
21407,monster_manual_2024
21407,monster_manual_2014
21408,monster_manual_2024
21408,monster_manual_2014
21409,player_s_handbook_2024
21409,monster_manual_2024
21409,player_s_handbook_2014
21410,monster_manual_2024
21411,monster_manual_2024
21411,monster_manual_2014
21412,monster_manual_2024
21412,monster_manual_2014
21413,monster_manual_2024
21413,monster_manual_2014
21414,monster_manual_2024
21414,monster_manual_2014
21415,monster_manual_2024
21415,monster_manual_2014
21416,monster_manual_2024
21417,monster_manual_2024
21417,monster_manual_2014
21418,monster_manual_2024
21418,monster_manual_2014
21419,monster_manual_2024
21419,monster_manual_2014
21420,monster_manual_2024
21420,monster_manual_2014
21421,monster_manual_2024
21421,monster_manual_2014
21422,monster_manual_2024
21422,monster_manual_2014
21423,monster_manual_2024
21423,monster_manual_2014
21424,monster_manual_2024
21424,monster_manual_2014
21425,monster_manual_2024
21425,monster_manual_2014
21426,monster_manual_2024
21427,monster_manual_2024
21427,monster_manual_2014
21428,monster_manual_2024
21428,dungeon_master_s_guide_2014
21429,monster_manual_2024
21429,monster_manual_2014
21430,monster_manual_2024
21430,monster_manual_2014
21431,player_s_handbook_2024
21431,monster_manual_2024
21431,player_s_handbook_2014
21432,monster_manual_2024
21432,monster_manual_2014
21433,monster_manual_2024
21433,monster_manual_2014
21434,monster_manual_2024
21434,monster_manual_2014
21435,monster_manual_2024
21436,monster_manual_2024
21436,monster_manual_2014
21437,monster_manual_2024
21437,monster_manual_2014
21438,monster_manual_2024
21438,monster_manual_2014
21439,monster_manual_2024
21439,monster_manual_2014
21440,monster_manual_2024
21441,monster_manual_2024
21441,monster_manual_2014
21442,monster_manual_2024
21442,monster_manual_2014
21443,monster_manual_2024
21443,monster_manual_2014
21444,monster_manual_2024
21444,monster_manual_2014
21445,monster_manual_2024
21445,player_s_handbook_2014
21446,monster_manual_2024
21446,monster_manual_2014
21447,monster_manual_2024
21447,monster_manual_2014
21448,monster_manual_2024
21449,monster_manual_2024
21449,monster_manual_2014
21450,monster_manual_2024
21450,monster_manual_2014
21451,monster_manual_2024
21451,monster_manual_2014
21452,monster_manual_2024
21452,monster_manual_2014
21453,monster_manual_2024
21453,monster_manual_2014
21454,monster_manual_2024
21454,monster_manual_2014
21455,monster_manual_2024
21455,monster_manual_2014
21456,monster_manual_2024
21456,monster_manual_2014
21457,monster_manual_2024
21457,monster_manual_2014
21458,monster_manual_2024
21458,monster_manual_2014
21459,monster_manual_2024
21459,monster_manual_2014
21460,monster_manual_2024
21460,monster_manual_2014
21461,monster_manual_2024
21461,monster_manual_2014
21462,monster_manual_2024
21462,player_s_handbook_2014
21463,monster_manual_2024
21463,monster_manual_2014
21464,monster_manual_2024
21464,monster_manual_2014
21465,monster_manual_2024
21465,monster_manual_2014
21466,monster_manual_2024
21466,monster_manual_2014
21467,monster_manual_2024
21467,monster_manual_2014
21468,monster_manual_2024
21468,monster_manual_2014
21469,monster_manual_2024
21469,monster_manual_2014
21470,monster_manual_2024
21470,monster_manual_2014
21471,monster_manual_2024
21471,monster_manual_2014
21472,monster_manual_2024
21472,monster_manual_2014
21473,monster_manual_2024
21474,monster_manual_2024
21474,monster_manual_2014
21475,monster_manual_2024
21475,monster_manual_2014
21476,monster_manual_2024
21476,monster_manual_2014
21477,monster_manual_2024
21477,monster_manual_2014
21478,monster_manual_2024
21478,monster_manual_2014
21479,monster_manual_2024
21479,monster_manual_2014
21480,monster_manual_2024
21480,monster_manual_2014
21481,monster_manual_2024
21481,monster_manual_2014
21482,monster_manual_2024
21482,monster_manual_2014
21483,monster_manual_2024
21483,monster_manual_2014
21484,monster_manual_2024
21484,player_s_handbook_2014
21485,monster_manual_2024
21485,monster_manual_2014
21486,player_s_handbook_2024
21486,monster_manual_2024
21486,player_s_handbook_2014
21487,monster_manual_2024
21487,monster_manual_2014
21488,monster_manual_2024
21489,monster_manual_2024
21490,monster_manual_2024
21491,monster_manual_2024
21491,monster_manual_2014
21492,monster_manual_2024
21492,monster_manual_2014
21493,monster_manual_2024
21493,monster_manual_2014
21494,monster_manual_2024
21494,monster_manual_2014
21495,monster_manual_2024
21496,monster_manual_2024
21496,ghosts_of_saltmarsh
21497,monster_manual_2024
21498,monster_manual_2024
21498,monster_manual_2014
21499,monster_manual_2024
21500,monster_manual_2024
21500,monster_manual_2014
21501,monster_manual_2024
21501,monster_manual_2014
21502,monster_manual_2024
21502,monster_manual_2014
21503,monster_manual_2024
21503,monster_manual_2014
21504,monster_manual_2024
21504,monster_manual_2014
21505,monster_manual_2024
21505,monster_manual_2014
21506,monster_manual_2024
21506,monster_manual_2014
21507,monster_manual_2024
21507,monster_manual_2014
21508,monster_manual_2024
21509,player_s_handbook_2024
21509,monster_manual_2024
21509,player_s_handbook_2014
21510,monster_manual_2024
21510,monster_manual_2014
21511,monster_manual_2024
21511,monster_manual_2014
21512,monster_manual_2024
21512,monster_manual_2014
21513,monster_manual_2024
21513,monster_manual_2014
21514,monster_manual_2024
21514,monster_manual_2014
21515,player_s_handbook_2024
21515,monster_manual_2024
21515,player_s_handbook_2014
21516,monster_manual_2024
21517,monster_manual_2024
21517,monster_manual_2014
21518,monster_manual_2024
21518,player_s_handbook_2014
21519,monster_manual_2024
21519,player_s_handbook_2014
21520,monster_manual_2024
21520,monster_manual_2014
21521,monster_manual_2024
21521,monster_manual_2014
21522,player_s_handbook_2024
21522,monster_manual_2024
21522,player_s_handbook_2014
21523,monster_manual_2024
21523,monster_manual_2014
21524,monster_manual_2024
21524,monster_manual_2014
21525,monster_manual_2024
21525,monster_manual_2014
21526,player_s_handbook_2024
21526,monster_manual_2024
21526,player_s_handbook_2014
21527,monster_manual_2024
21527,monster_manual_2014
21528,monster_manual_2024
21528,monster_manual_2014
21529,monster_manual_2024
21529,monster_manual_2014
21530,monster_manual_2024
21530,monster_manual_2014
21531,monster_manual_2024
21531,monster_manual_2014
21532,monster_manual_2024
21532,monster_manual_2014
21533,monster_manual_2024
21533,monster_manual_2014
21534,monster_manual_2024
21534,monster_manual_2014
21535,monster_manual_2024
21536,monster_manual_2024
21536,monster_manual_2014
21537,monster_manual_2024
21538,monster_manual_2024
21538,monster_manual_2014
21539,monster_manual_2024
21539,monster_manual_2014
21540,monster_manual_2024
21540,monster_manual_2014
21541,monster_manual_2024
21542,monster_manual_2024
21542,monster_manual_2014
21543,monster_manual_2024
21543,monster_manual_2014
21544,monster_manual_2024
21545,monster_manual_2024
21545,monster_manual_2014
21546,monster_manual_2024
21546,monster_manual_2014
21547,monster_manual_2024
21547,monster_manual_2014
21548,monster_manual_2024
21548,monster_manual_2014
21549,monster_manual_2024
21549,monster_manual_2014
21550,monster_manual_2024
21550,monster_manual_2014
21551,monster_manual_2024
21551,monster_manual_2014
21552,player_s_handbook_2024
21552,monster_manual_2024
21552,player_s_handbook_2014
21553,monster_manual_2024
21553,monster_manual_2014
21554,monster_manual_2024
21554,monster_manual_2014
21555,monster_manual_2024
21555,monster_manual_2014
21556,monster_manual_2024
21556,monster_manual_2014
21557,monster_manual_2024
21557,monster_manual_2014
21558,monster_manual_2024
21558,monster_manual_2014
21559,monster_manual_2024
21560,monster_manual_2024
21560,monster_manual_2014
21561,player_s_handbook_2024
21561,monster_manual_2024
21562,monster_manual_2024
21562,monster_manual_2014
21563,monster_manual_2024
21563,monster_manual_2014
21564,monster_manual_2024
21564,monster_manual_2014
21565,player_s_handbook_2024
21565,monster_manual_2024
21565,player_s_handbook_2014
21566,monster_manual_2024
21567,monster_manual_2024
21567,monster_manual_2014
21568,monster_manual_2024
21568,monster_manual_2014
21569,monster_manual_2024
21569,monster_manual_2014
21570,monster_manual_2024
21570,monster_manual_2014
21571,monster_manual_2024
21571,monster_manual_2014
21572,monster_manual_2024
21572,monster_manual_2014
21573,monster_manual_2024
21574,monster_manual_2024
21574,monster_manual_2014
21575,monster_manual_2024
21576,monster_manual_2024
21577,monster_manual_2024
21577,monster_manual_2014
21578,monster_manual_2024
21579,monster_manual_2024
21580,monster_manual_2024
21580,monster_manual_2014
21581,monster_manual_2024
21581,monster_manual_2014
21582,monster_manual_2024
21582,monster_manual_2014
21583,monster_manual_2024
21584,monster_manual_2024
21584,monster_manual_2014
21585,monster_manual_2024
21585,monster_manual_2014
21586,monster_manual_2024
21586,monster_manual_2014
21587,monster_manual_2024
21588,player_s_handbook_2024
21588,monster_manual_2024
21588,player_s_handbook_2014
21589,monster_manual_2024
21589,monster_manual_2014
21590,monster_manual_2024
21590,monster_manual_2014
21591,monster_manual_2024
21591,monster_manual_2014
21592,monster_manual_2024
21592,curse_of_strahd
21593,monster_manual_2024
21593,monster_manual_2014
21594,monster_manual_2024
21594,monster_manual_2014
21595,monster_manual_2024
21596,monster_manual_2024
21596,monster_manual_2014
21597,monster_manual_2024
21597,monster_manual_2014
21598,monster_manual_2024
21598,monster_manual_2014
21599,monster_manual_2024
21599,monster_manual_2014
21600,monster_manual_2024
21600,monster_manual_2014
21601,monster_manual_2024
21601,monster_manual_2014
21602,monster_manual_2024
21603,monster_manual_2024
21604,monster_manual_2024
21604,monster_manual_2014
21605,monster_manual_2024
21606,monster_manual_2024
21606,monster_manual_2014
21607,monster_manual_2024
21607,player_s_handbook_2014
21608,monster_manual_2024
21608,monster_manual_2014
21609,monster_manual_2024
21610,monster_manual_2024
21610,monster_manual_2014
21611,monster_manual_2024
21611,monster_manual_2014
21612,monster_manual_2024
21612,monster_manual_2014
21613,monster_manual_2024
21613,monster_manual_2014
21614,player_s_handbook_2024
21614,monster_manual_2024
21614,player_s_handbook_2014
21615,monster_manual_2024
21616,monster_manual_2024
21616,monster_manual_2014
21617,monster_manual_2024
21617,monster_manual_2014
21618,monster_manual_2024
21618,monster_manual_2014
21619,monster_manual_2024
21619,monster_manual_2014
21620,monster_manual_2024
21620,monster_manual_2014
21621,monster_manual_2024
21621,monster_manual_2014
21622,monster_manual_2024
21622,monster_manual_2014
21623,monster_manual_2024
21623,monster_manual_2014
21624,monster_manual_2024
21624,monster_manual_2014
21625,monster_manual_2024
21625,monster_manual_2014
21626,monster_manual_2024
21626,monster_manual_2014
21627,monster_manual_2024
21627,monster_manual_2014
21628,monster_manual_2024
21628,monster_manual_2014
21629,monster_manual_2024
21629,monster_manual_2014
21630,monster_manual_2024
21630,monster_manual_2014
21631,player_s_handbook_2024
21631,monster_manual_2024
21631,player_s_handbook_2014
21632,monster_manual_2024
21632,monster_manual_2014
21633,monster_manual_2024
21633,monster_manual_2014
21634,monster_manual_2024
21634,monster_manual_2014
21635,monster_manual_2024
21635,monster_manual_2014
21636,monster_manual_2024
21636,monster_manual_2014
21637,monster_manual_2024
21637,monster_manual_2014
21638,monster_manual_2024
21638,monster_manual_2014
21639,monster_manual_2024
21639,monster_manual_2014
21640,monster_manual_2024
21640,monster_manual_2014
21641,monster_manual_2024
21641,monster_manual_2014
21642,monster_manual_2024
21642,monster_manual_2014
21643,monster_manual_2024
21643,monster_manual_2014
21644,monster_manual_2024
21644,monster_manual_2014
21645,monster_manual_2024
21645,monster_manual_2014
21646,monster_manual_2024
21646,monster_manual_2014
21647,monster_manual_2024
21647,monster_manual_2014
21648,monster_manual_2024
21648,monster_manual_2014
21649,monster_manual_2024
21649,monster_manual_2014
21650,monster_manual_2024
21650,monster_manual_2014
21651,monster_manual_2024
21651,monster_manual_2014
21652,monster_manual_2024
21652,monster_manual_2014
21653,monster_manual_2024
21653,monster_manual_2014
21654,player_s_handbook_2024
21654,monster_manual_2024
21654,player_s_handbook_2014
27072,astarion_s_book_of_hungers
27073,astarion_s_book_of_hungers
27074,astarion_s_book_of_hungers
27075,astarion_s_book_of_hungers
27076,astarion_s_book_of_hungers
27185,netheril_s_fall
27186,netheril_s_fall
27187,netheril_s_fall
27188,netheril_s_fall
27189,netheril_s_fall
27190,netheril_s_fall
27191,netheril_s_fall
27192,netheril_s_fall
29215,lorwyn_first_light
29216,lorwyn_first_light
29217,lorwyn_first_light
29218,lorwyn_first_light
29219,lorwyn_first_light
29220,lorwyn_first_light
29245,lorwyn_first_light
29246,lorwyn_first_light
29335,forgotten_realms_adventures_in_faerun
29337,forgotten_realms_adventures_in_faerun
29338,forgotten_realms_adventures_in_faerun
29339,forgotten_realms_adventures_in_faerun
29340,forgotten_realms_adventures_in_faerun
29341,forgotten_realms_adventures_in_faerun
29342,forgotten_realms_adventures_in_faerun
29343,forgotten_realms_adventures_in_faerun
29344,forgotten_realms_adventures_in_faerun
29345,forgotten_realms_adventures_in_faerun
29346,forgotten_realms_adventures_in_faerun
29347,forgotten_realms_adventures_in_faerun
29348,forgotten_realms_adventures_in_faerun
29349,forgotten_realms_adventures_in_faerun
29350,forgotten_realms_adventures_in_faerun
29351,forgotten_realms_adventures_in_faerun
29353,forgotten_realms_adventures_in_faerun
29354,forgotten_realms_adventures_in_faerun
29357,forgotten_realms_adventures_in_faerun
29358,forgotten_realms_adventures_in_faerun
29366,forgotten_realms_adventures_in_faerun
29367,forgotten_realms_adventures_in_faerun
29368,forgotten_realms_adventures_in_faerun
29369,forgotten_realms_adventures_in_faerun
29370,forgotten_realms_adventures_in_faerun
29371,forgotten_realms_adventures_in_faerun
29372,forgotten_realms_adventures_in_faerun
29373,forgotten_realms_adventures_in_faerun
29374,forgotten_realms_adventures_in_faerun
29375,forgotten_realms_adventures_in_faerun
29376,forgotten_realms_adventures_in_faerun
29377,forgotten_realms_adventures_in_faerun
29378,forgotten_realms_adventures_in_faerun
29379,forgotten_realms_adventures_in_faerun
29380,forgotten_realms_adventures_in_faerun
29381,forgotten_realms_adventures_in_faerun
29382,forgotten_realms_adventures_in_faerun
29383,forgotten_realms_adventures_in_faerun
29384,forgotten_realms_adventures_in_faerun
29385,forgotten_realms_adventures_in_faerun
30292,ravenloft_the_horrors_within
30447,ravenloft_the_horrors_within
31338,ravenloft_the_horrors_within
31340,ravenloft_the_horrors_within
31341,ravenloft_the_horrors_within
31342,ravenloft_the_horrors_within
31343,ravenloft_the_horrors_within
31344,ravenloft_the_horrors_within
31345,ravenloft_the_horrors_within
31346,ravenloft_the_horrors_within
31348,ravenloft_the_horrors_within
31349,ravenloft_the_horrors_within
31350,ravenloft_the_horrors_within
31351,ravenloft_the_horrors_within
31352,ravenloft_the_horrors_within
31353,ravenloft_the_horrors_within
31354,ravenloft_the_horrors_within
31355,ravenloft_the_horrors_within
31356,ravenloft_the_horrors_within
31357,ravenloft_the_horrors_within
31358,ravenloft_the_horrors_within
31359,ravenloft_the_horrors_within
31360,ravenloft_the_horrors_within
31361,ravenloft_the_horrors_within
31362,ravenloft_the_horrors_within
31364,ravenloft_the_horrors_within
31365,ravenloft_the_horrors_within
31366,ravenloft_the_horrors_within
31367,ravenloft_the_horrors_within
31368,ravenloft_the_horrors_within
31369,ravenloft_the_horrors_within
31370,ravenloft_the_horrors_within
31371,ravenloft_the_horrors_within
31372,ravenloft_the_horrors_within
31373,ravenloft_the_horrors_within
31375,ravenloft_the_horrors_within
31376,ravenloft_the_horrors_within
